<?xml version="1.0" encoding="UTF-8"?>
<project-private xmlns="http://www.netbeans.org/ns/project-private/1">
    <editor-bookmarks xmlns="http://www.netbeans.org/ns/editor-bookmarks/2" lastBookmarkId="0"/>
    <open-files xmlns="http://www.netbeans.org/ns/projectui-open-files/2">
        <group>
            <file>file:/Users/shihhaochiu/NetBeansProjects/Ch14_20190829/src/ch14_20190829/Ch14_2.java</file>
            <file>file:/Users/shihhaochiu/NetBeansProjects/Ch14_20190829/src/ch14_20190829/NewJFrame.java</file>
        </group>
    </open-files>
</project-private>
