<?xml version="1.0" encoding="UTF-8"?>
<project-private xmlns="http://www.netbeans.org/ns/project-private/1">
    <editor-bookmarks xmlns="http://www.netbeans.org/ns/editor-bookmarks/2" lastBookmarkId="0"/>
    <open-files xmlns="http://www.netbeans.org/ns/projectui-open-files/2">
        <group>
            <file>file:/G:/javaCode/C12_20190822/src/c12_20190822/Ch12_6.java</file>
            <file>file:/G:/javaCode/C12_20190822/src/c12_20190822/Ch12_8.java</file>
            <file>file:/G:/javaCode/C12_20190822/src/c12_20190822/Ch12_7.java</file>
            <file>file:/G:/javaCode/C12_20190822/src/c12_20190822/Ch12_5.java</file>
            <file>file:/G:/javaCode/C12_20190822/src/c12_20190822/Ch12_9.java</file>
        </group>
    </open-files>
</project-private>
